{
  "WorkItem": {
    "AffectedComponent": {
      "Name": "Permutation",
      "DisplayName": "Permutation"
    },
    "ClosedComment": "",
    "ClosedDate": null,
    "CommentCount": 0,
    "Custom": null,
    "Description": "This will cause several breaking changes. Constructor signatures will change to be symmetrical with the Combination and Multicombination classes. Property names will change.\n\nIterating over\nnew Permutation (choices:3, picks:2).GetRows()\nwill produce:\n{ 0, 1 }\n{ 0, 2 }\n{ 1, 0 }\n{ 1, 2 }\n{ 2, 0 }\n{ 2, 1 }",
    "LastUpdatedDate": "2017-12-09T06:15:40.913-08:00",
    "PlannedForRelease": "KwCombinatorics library v4.0.0",
    "ReleaseVisibleToPublic": true,
    "Priority": {
      "Name": "High",
      "Severity": 150,
      "Id": 3
    },
    "ProjectName": "KwCombinatorics",
    "ReportedDate": "2012-08-11T18:01:40.29-07:00",
    "Status": {
      "Name": "Active",
      "Id": 2
    },
    "ReasonClosed": {
      "Name": "Unassigned"
    },
    "Summary": "Add k-permutation capability",
    "Type": {
      "Name": "Feature",
      "Id": 1
    },
    "VoteCount": 1,
    "Id": 8178
  },
  "FileAttachments": [],
  "Comments": []
}