{
  "WorkItem": {
    "AffectedComponent": {
      "Name": "Library",
      "DisplayName": "Library"
    },
    "ClosedComment": "",
    "ClosedDate": null,
    "CommentCount": 0,
    "Custom": null,
    "Description": "Remove an unused API.  Also remove all Clone methods.",
    "LastUpdatedDate": "2017-12-09T06:15:40.387-08:00",
    "PlannedForRelease": "KwCombinatorics library v4.0.0",
    "ReleaseVisibleToPublic": true,
    "Priority": {
      "Name": "Low",
      "Severity": 50,
      "Id": 1
    },
    "ProjectName": "KwCombinatorics",
    "ReportedDate": "2012-08-11T12:32:14.24-07:00",
    "Status": {
      "Name": "Active",
      "Id": 2
    },
    "ReasonClosed": {
      "Name": "Unassigned"
    },
    "Summary": "Remove deprecated IClone interface",
    "Type": {
      "Name": "Issue",
      "Id": 3
    },
    "VoteCount": 1,
    "Id": 8177
  },
  "FileAttachments": [],
  "Comments": [
    {
      "Message": "This would answer questions like \"How many words can be spelled with the letters ATTU?\"\r\n\r\nHere is one possible implementation:\r\n\r\nforeach (new Permutation (3).GetRowsWithRepetition (new int[] { 1, 2, 1 }))\r\n\r\nwhich would produce:\r\n\r\n{ 0, 1, 1, 2 }\r\n{ 0, 1, 2, 1 }\r\n{ 0, 2, 1, 1 }\r\n{ 1, 0, 1, 2 }\r\n{ 1, 1, 0, 2 }\r\n{ 1, 1, 2, 0 }\r\n{ 2, 0, 1, 1 }\r\n{ 2, 1, 0, 1 }\r\n{ 2, 1, 1, 0 }\r\n",
      "PostedDate": "2012-08-11T15:51:34.323-07:00",
      "Id": -2147483648
    },
    {
      "Message": "",
      "PostedDate": "2012-08-11T15:57:52.88-07:00",
      "Id": -2147483648
    },
    {
      "Message": "",
      "PostedDate": "2012-08-12T17:33:11-07:00",
      "Id": -2147483648
    },
    {
      "Message": "",
      "PostedDate": "2012-11-01T19:10:05.027-07:00",
      "Id": -2147483648
    },
    {
      "Message": "duplicate\r\n\r\n\n\n** Closed by KaseWick 8/12/2012 5:33 PM",
      "PostedDate": "2012-11-10T19:07:46.173-08:00",
      "Id": -2147483648
    },
    {
      "Message": "",
      "PostedDate": "2012-11-10T19:07:46.633-08:00",
      "Id": -2147483648
    },
    {
      "Message": "",
      "PostedDate": "2012-11-10T19:09:12.06-08:00",
      "Id": -2147483648
    },
    {
      "Message": "",
      "PostedDate": "2013-02-13T10:07:33.48-08:00",
      "Id": -2147483648
    },
    {
      "Message": "",
      "PostedDate": "2017-12-09T06:15:40.387-08:00",
      "Id": -2147483648
    }
  ]
}