{
  "WorkItem": {
    "AffectedComponent": {
      "Name": "Permutation",
      "DisplayName": "Permutation"
    },
    "ClosedComment": "",
    "ClosedDate": null,
    "CommentCount": 0,
    "Custom": null,
    "Description": "Implement as either a new class or a new iterator on the existing Permutation class. This capability would answer questions such as \"What words can be spelled with the letters TEEF?\"\nHere is one possible implementation:\nforeach (new Permutation (3).GetRowsWithRepetition (new int[] { 1, 2, 1 }))\nwhich would produce:\n{ 0, 1, 1, 2 }\n{ 0, 1, 2, 1 }\n{ 0, 2, 1, 1 }\n{ 1, 0, 1, 2 }\n{ 1, 1, 0, 2 }\n{ 1, 1, 2, 0 }\n{ 2, 0, 1, 1 }\n{ 2, 1, 0, 1 }\n{ 2, 1, 1, 0 }",
    "LastUpdatedDate": "2013-02-13T10:07:33.003-08:00",
    "PlannedForRelease": "",
    "ReleaseVisibleToPublic": false,
    "Priority": {
      "Name": "Low",
      "Severity": 50,
      "Id": 1
    },
    "ProjectName": "KwCombinatorics",
    "ReportedDate": "2012-08-12T17:32:06.627-07:00",
    "Status": {
      "Name": "Proposed",
      "Id": 1
    },
    "ReasonClosed": {
      "Name": "Unassigned"
    },
    "Summary": "Add: permutations with repetition",
    "Type": {
      "Name": "Feature",
      "Id": 1
    },
    "VoteCount": 1,
    "Id": 8184
  },
  "FileAttachments": [],
  "Comments": []
}