{
  "WorkItem": {
    "AffectedComponent": {
      "Name": "Library",
      "DisplayName": "Library"
    },
    "ClosedComment": "",
    "ClosedDate": null,
    "CommentCount": 0,
    "Custom": null,
    "Description": "No .NET-4-only features will be used so targetting binaries to .NET 3.5 should still be valid.  However, .NET 3.5 builds will not be tested.",
    "LastUpdatedDate": "2017-12-09T06:15:41.06-08:00",
    "PlannedForRelease": "KwCombinatorics library v4.0.0",
    "ReleaseVisibleToPublic": true,
    "Priority": {
      "Name": "Medium",
      "Severity": 100,
      "Id": 2
    },
    "ProjectName": "KwCombinatorics",
    "ReportedDate": "2012-11-01T19:39:52.757-07:00",
    "Status": {
      "Name": "Active",
      "Id": 2
    },
    "ReasonClosed": {
      "Name": "Unassigned"
    },
    "Summary": "Target binary to .NET 4.0",
    "Type": {
      "Name": "Feature",
      "Id": 1
    },
    "VoteCount": 1,
    "Id": 8390
  },
  "FileAttachments": [],
  "Comments": []
}