{
  "WorkItem": {
    "AffectedComponent": {
      "Name": "Permutation",
      "DisplayName": "Permutation"
    },
    "ClosedComment": "",
    "ClosedDate": null,
    "CommentCount": 0,
    "Custom": null,
    "Description": "This capability will provide a permutation sequence with minimal change between items - also known as \"plain changes\".",
    "LastUpdatedDate": "2017-12-09T06:15:41.217-08:00",
    "PlannedForRelease": "KwCombinatorics library v4.0.0",
    "ReleaseVisibleToPublic": true,
    "Priority": {
      "Name": "Low",
      "Severity": 50,
      "Id": 1
    },
    "ProjectName": "KwCombinatorics",
    "ReportedDate": "2012-11-02T16:17:23.407-07:00",
    "Status": {
      "Name": "Active",
      "Id": 2
    },
    "ReasonClosed": {
      "Name": "Unassigned"
    },
    "Summary": "Add swap iterator to Permutation",
    "Type": {
      "Name": "Feature",
      "Id": 1
    },
    "VoteCount": 1,
    "Id": 8392
  },
  "FileAttachments": [],
  "Comments": []
}