[
  {
    "Id": "0",
    "Name": "KwCombinatorics library v2.4.0",
    "DevelopmentStatus": "Stable",
    "Description": "Version 2.4.0\n\n* Optimized Combination.Rank setter.\n* Optimized Multicombination.Rank setter.\n* Added methods Combinatoric.BinomialCoefficient, Combinatoric.Factorial.\n\nVersion 2.3.0\n\n* Added Permutation.Backtrack method.\n* Added N-Queens example programs.\n* Multicombination ranking constructor accepts unsorted data.\n* Combination ranking constructor accepts unsorted data.\n* Fixed numeric overflow bug in Combination.Rank setter.\n* Fixed missing numeric overflow checks in Product constructors.\n* Fixed missing bounds checks in Product ranking constructor.\n* BREAKING CHANGE: Removed increment/decrement operators.\n\nVersion 2.2.0\n\n* Added Multicombination.GetRowsForPicks (startPicks, stopPicks).\n* Added CopyTo (array) to all combinatorics.\n* BREAKING CHANGE: Removed Multicombination.GetRows (picks, startRank).\n\nVersion 2.1.0\n\n* Added unranking constructors for Combination, Multicombination, and Product.\n* Reworked example programs.\n\nVersion 2.0.0\n\n* Added Multicombination combinatoric.\n* Enumerators respect combinatoric subclasses override of ToString() - see Example02 programs.\n* BREAKING CHANGE: Changed all iterators to methods and renamed them.\n* Fixed wrong exception may be thrown in Combination.Permute.\n\nVersion 1.4.0\n\n* Increment, decrement operators implemented for all classes.\n* Bug fixes for empty sequences.\n* Renamed many parameters.\n* Minor optimizations.\n* Rewrote documentation.\n* Included .xml file in download and repository for tooltip support.\n\nVersion 1.3.1\n\n* Updated copyright, directory structure. No code changes.\n\nVersion 1.3\n\n* Updated solution for Visual Studio 2010.\n\nVersion 1.2\n\n* Implemented generic IEquatable interface.\n* Implemented proper null tests for comparison operators.\n\nVersion 1.1\n\n* Better GetHashCode.\n* Implemented nongeneric IComparable interface.\n* Rows property replaces previous default iterator behavior.\n* Default iterator enumerates elements.\n\nVersion 1.0\n\n* Initial release.\n\nBuild environment\n\n* Development environment is Visual Studio 2010 Ultimate.\n* Unit tests are in MSTest and are located in the Test folder. Code coverage is 100%.\n* Documentation file is HtmlHelp 1.1 made with Sandcastle Help File Builder v1.9.3.0.\n* The source control front-end is AnkhSVN / TortoiseSVN.",
    "ReleasedDatge": "0001-01-01T00:00:00",
    "ModifiedDate": "2012-07-01T13:36:31.543-07:00",
    "Files": [
      {
        "Id": "136caf7d-4f9c-477b-a92a-99976cb1e0b8",
        "FileName": "KwCombinatorics.dll",
        "Url": "./0/136caf7d-4f9c-477b-a92a-99976cb1e0b8",
        "Type": "Application",
        "UploadDate": "2012-07-01T10:18:17.31-07:00"
      },
      {
        "Id": "e76dbbe6-c42b-4ddc-8ccb-7ba3e5c9f1b0",
        "FileName": "KwCombinatorics.xml",
        "Url": "./0/e76dbbe6-c42b-4ddc-8ccb-7ba3e5c9f1b0",
        "Type": "Documentation",
        "UploadDate": "2012-07-01T10:18:17.357-07:00"
      },
      {
        "Id": "ef4fd635-7f1e-4f77-a12b-f7dd1e89976c",
        "FileName": "KwCombinatorics.chm",
        "Url": "./0/ef4fd635-7f1e-4f77-a12b-f7dd1e89976c",
        "Type": "Documentation",
        "UploadDate": "2012-07-01T10:18:17.373-07:00"
      },
      {
        "Id": "775f70d4-9bc8-4f34-9de3-3834ad422cd5",
        "FileName": "KwCombinatorics-Source-v2.4.0.0.7z",
        "Url": "./0/775f70d4-9bc8-4f34-9de3-3834ad422cd5",
        "Type": "Source Code",
        "UploadDate": "2012-07-01T13:36:30.933-07:00"
      }
    ]
  },
  {
    "Id": "1",
    "Name": "KwCombinatorics library v2.3.0 (VS2010)",
    "DevelopmentStatus": "Stable",
    "Description": "Version 2.3.0\n\n* Added Permutation.Backtrack method.\n* Added N-Queens example programs.\n* Multicombination ranking constructor accepts unsorted data.\n* Combination ranking constructor accepts unsorted data.\n* Fixed numeric overflow bug in Combination.Rank setter.\n* Fixed missing numeric overflow checks in Product constructors.\n* Fixed missing bounds checks in Product ranking constructor.\n* BREAKING CHANGE: Removed increment/decrement operators.\n\nVersion 2.2.0\n\n* Added Multicombination.GetRowsForPicks (startPicks, stopPicks).\n* Added CopyTo (array) to all combinatorics.\n* BREAKING CHANGE: Removed Multicombination.GetRows (picks, startRank).\n\nVersion 2.1.0\n\n* Added unranking constructors for Combination, Multicombination, and Product.\n* Reworked example programs.\n\nVersion 2.0.0\n\n* Added Multicombination combinatoric.\n* Enumerators respect combinatoric subclasses override of ToString() - see Example02 programs.\n* BREAKING CHANGE: Changed all iterators to methods and renamed them.\n* Fixed wrong exception may be thrown in Combination.Permute.\n\nVersion 1.4.0\n\n* Increment, decrement operators implemented for all classes.\n* Bug fixes for empty sequences.\n* Renamed many parameters.\n* Minor optimizations.\n* Rewrote documentation.\n* Included .xml file in download and repository for tooltip support.\n\nVersion 1.3.1\n\n* Updated copyright, directory structure. No code changes.\n\nVersion 1.3\n\n* Updated solution for Visual Studio 2010.\n\nVersion 1.2\n\n* Implemented generic IEquatable interface.\n* Implemented proper null tests for comparison operators.\n\nVersion 1.1\n\n* Better GetHashCode.\n* Implemented nongeneric IComparable interface.\n* Rows property replaces previous default iterator behavior.\n* Default iterator enumerates elements.\n\nVersion 1.0\n\n* Initial release.\n\nBuild environment\n\n* Development environment is Visual Studio 2010 Ultimate.\n* Unit tests are in MSTest and are located in the Test folder. Code coverage is 100%.\n* Documentation file is HtmlHelp 1.1 made with Sandcastle Help File Builder v1.9.3.0.\n* The source control front-end is AnkhSVN / TortoiseSVN.",
    "ReleasedDatge": "0001-01-01T00:00:00",
    "ModifiedDate": "2012-07-01T09:48:14.257-07:00",
    "Files": [
      {
        "Id": "598142a4-edd3-4312-954c-187567a2292b",
        "FileName": "KwCombinatorics.dll",
        "Url": "./1/598142a4-edd3-4312-954c-187567a2292b",
        "Type": "Application",
        "UploadDate": "2012-04-17T07:18:44.9-07:00"
      },
      {
        "Id": "f84f4b28-a96d-460f-9812-a0b9132c2081",
        "FileName": "KwCombinatorics.xml",
        "Url": "./1/f84f4b28-a96d-460f-9812-a0b9132c2081",
        "Type": "Documentation",
        "UploadDate": "2012-04-17T07:18:44.95-07:00"
      },
      {
        "Id": "8fb60bb2-3c20-4d5f-ad88-7a3e77b7c51e",
        "FileName": "KwCombinatorics.chm",
        "Url": "./1/8fb60bb2-3c20-4d5f-ad88-7a3e77b7c51e",
        "Type": "Documentation",
        "UploadDate": "2012-04-17T07:30:25.663-07:00"
      },
      {
        "Id": "c9776dce-63bd-4230-836c-23d1bb834a1c",
        "FileName": "KwCombinatorics-v2.3.0.0-Source.7z",
        "Url": "./1/c9776dce-63bd-4230-836c-23d1bb834a1c",
        "Type": "Source Code",
        "UploadDate": "2012-04-17T07:18:44.98-07:00"
      }
    ]
  },
  {
    "Id": "2",
    "Name": "KwCombinatorics library v2.2.0 (VS2010)",
    "DevelopmentStatus": "Stable",
    "Description": "Version 2.2.0\n\n* Added Multicombination.GetRowsForPicks (startPicks, stopPicks).\n* Added CopyTo (array) to all combinatorics.\n* BREAKING CHANGE: Removed Multicombination.GetRows (picks, startRank).\n\nVersion 2.1.0\n\n* Added unranking constructors for Combination, Multicombination, and Product.\n* Reworked example programs.\n\nVersion 2.0.0\n\n* Added Multicombination combinatoric.\n* Enumerators respect combinatoric subclasses override of ToString() - see Example02 programs.\n* BREAKING CHANGE: Changed all iterators to methods and renamed them.\n* Fixed wrong exception may be thrown in Combination.Permute.\n\nVersion 1.4.0\n\n* Increment, decrement operators implemented for all classes.\n* Bug fixes for empty sequences.\n* Renamed many parameters.\n* Minor optimizations.\n* Rewrote documentation.\n* Included .xml file in download and repository for tooltip support.\n\nVersion 1.3.1\n\n* Updated copyright, directory structure. No code changes.\n\nVersion 1.3\n\n* Updated solution for Visual Studio 2010.\n\nVersion 1.2\n\n* Implemented generic IEquatable interface.\n* Implemented proper null tests for comparison operators.\n\nVersion 1.1\n\n* Better GetHashCode.\n* Implemented nongeneric IComparable interface.\n* Rows property replaces previous default iterator behavior.\n* Default iterator enumerates elements.\n\nVersion 1.0\n\n* Initial release.\n\nBuild environment\n\n* Development environment is Visual Studio 2010 Ultimate.\n* Unit tests are in MSTest and are located in the Test folder. Code coverage is 100%.\n* Documentation file is HtmlHelp 1.1 made with Sandcastle Help File Builder v1.9.3.0.\n* The source control front-end is AnkhSVN / TortoiseSVN.",
    "ReleasedDatge": "0001-01-01T00:00:00",
    "ModifiedDate": "2012-04-07T17:43:22.35-07:00",
    "Files": [
      {
        "Id": "ef6826f3-9ee5-4be9-8166-8e256d821ab5",
        "FileName": "KwCombinatorics.dll",
        "Url": "./2/ef6826f3-9ee5-4be9-8166-8e256d821ab5",
        "Type": "Application",
        "UploadDate": "2012-04-01T20:50:04.067-07:00"
      },
      {
        "Id": "2bb6df32-fc83-4a0e-b6bc-fd63c2b00ea2",
        "FileName": "KwCombinatorics.xml",
        "Url": "./2/2bb6df32-fc83-4a0e-b6bc-fd63c2b00ea2",
        "Type": "Application",
        "UploadDate": "2012-04-01T20:50:04.1-07:00"
      },
      {
        "Id": "bb657a5e-f1c9-43f0-afa5-0404dff1ffa1",
        "FileName": "KwCombinatorics.chm",
        "Url": "./2/bb657a5e-f1c9-43f0-afa5-0404dff1ffa1",
        "Type": "Documentation",
        "UploadDate": "2012-04-07T17:43:20.507-07:00"
      },
      {
        "Id": "ef4f88a8-c8b0-4dbb-a667-62ba4a07b7ce",
        "FileName": "KwCombinatorics-v2.2.0.2-Source.7z",
        "Url": "./2/ef4f88a8-c8b0-4dbb-a667-62ba4a07b7ce",
        "Type": "Source Code",
        "UploadDate": "2012-04-07T17:43:20.52-07:00"
      }
    ]
  },
  {
    "Id": "3",
    "Name": "KwCombinatorics library v1.4.0 (VS2010)",
    "DevelopmentStatus": "Stable",
    "Description": "Version 1.4.0\n\n* Increment, decrement operators implemented for all classes.\n* Bug fixes for empty sequences.\n* Renamed many parameters.\n* Minor optimizations.\n* Rewrote documentation.\n* Included .xml file in download and repository for tooltip support.\n\nVersion 1.3.1\n\n* Updated copyright, directory structure. No code changes.\n\nVersion 1.3\n\n* Updated solution for Visual Studio 2010.\n\nVersion 1.2\n\n* Implemented generic IEquatable interface.\n* Implemented proper null tests for comparison operators.\n\nVersion 1.1\n\n* Better GetHashCode.\n* Implemented nongeneric IComparable interface.\n* Rows property replaces previous default iterator behavior.\n* Default iterator enumerates elements.\n\nVersion 1.0\n\n* Initial release.\n\nBuild environment\n\n* Development environment is Visual Studio 2010 Ultimate.\n* Unit tests are in MSTest and are located in the Test folder. Code coverage is 100%.\n* Documentation file is HtmlHelp 1.1 made with Sandcastle Help File Builder v1.9.3.0.\n* The source control front-end is AnkhSVN / TortoiseSVN.",
    "ReleasedDatge": "0001-01-01T00:00:00",
    "ModifiedDate": "2012-03-23T12:49:51.08-07:00",
    "Files": [
      {
        "Id": "f3a38119-b269-44eb-94ee-97d2a3a69d49",
        "FileName": "KwCombinatorics.dll",
        "Url": "./3/f3a38119-b269-44eb-94ee-97d2a3a69d49",
        "Type": "Application",
        "UploadDate": "2012-03-23T12:11:48.723-07:00"
      },
      {
        "Id": "815b293d-99d5-4e38-af33-680ef906c24b",
        "FileName": "KwCombinatorics.xml",
        "Url": "./3/815b293d-99d5-4e38-af33-680ef906c24b",
        "Type": "Documentation",
        "UploadDate": "2012-03-23T12:11:48.737-07:00"
      },
      {
        "Id": "1b6d0b5c-03ca-4a66-81ce-3b066f4a0ec3",
        "FileName": "KwCombinatorics.chm",
        "Url": "./3/1b6d0b5c-03ca-4a66-81ce-3b066f4a0ec3",
        "Type": "Documentation",
        "UploadDate": "2012-03-23T12:11:48.753-07:00"
      },
      {
        "Id": "15fb884f-9ff0-45a4-bf20-171c53a445aa",
        "FileName": "KwCombinatorics-v1.4.0.3-Source.7z",
        "Url": "./3/15fb884f-9ff0-45a4-bf20-171c53a445aa",
        "Type": "Source Code",
        "UploadDate": "2012-03-23T12:11:48.783-07:00"
      }
    ]
  },
  {
    "Id": "4",
    "Name": "KwCombinatorics library v1.3.1 (VS2010)",
    "DevelopmentStatus": "Stable",
    "Description": "Version 1.3.1\n\n* Updated copyright, directory structure. No code changes.\n\nVersion 1.3\n\n* Updated solution for Visual Studio 2010.\n\nVersion 1.2\n\n* Implemented generic IEquatable interface.\n* Implemented proper null tests for comparison operators.\n\nVersion 1.1\n\n* Better GetHashCode.\n* Implemented nongeneric IComparable interface.\n* Rows property replaces previous default iterator behavior.\n* Default iterator enumerates elements.\n\nVersion 1.0\n\n* Initial release.\n\nBuild environment\n\n* Development environment is Visual Studio 2010 Ultimate.\n* Unit tests are in MSTest and are located in the Test folder. Code coverage is 100%.\n* Documentation file is HtmlHelp 1.1 made with Sandcastle v2.4 and Sandcastle Help File Builder v1.8.\n* The source control front-end is AnkhSVN / TortoiseSVN.",
    "ReleasedDatge": "0001-01-01T00:00:00",
    "ModifiedDate": "2012-02-22T22:14:16.937-08:00",
    "Files": [
      {
        "Id": "68a95a16-c7a2-4dc1-bb61-0cd29b6086c1",
        "FileName": "KwCombinatorics.dll",
        "Url": "./4/68a95a16-c7a2-4dc1-bb61-0cd29b6086c1",
        "Type": "Application",
        "UploadDate": "2012-02-22T21:05:55.113-08:00"
      },
      {
        "Id": "06254ca8-a186-4261-9092-4557c6d5f92e",
        "FileName": "KwCombinatorics.chm",
        "Url": "./4/06254ca8-a186-4261-9092-4557c6d5f92e",
        "Type": "Documentation",
        "UploadDate": "2012-02-22T21:05:55.13-08:00"
      },
      {
        "Id": "d06fad23-5e26-4779-867e-004fe1189fd2",
        "FileName": "KwCombinatorics-v1.3.1-Source.7z",
        "Url": "./4/d06fad23-5e26-4779-867e-004fe1189fd2",
        "Type": "Source Code",
        "UploadDate": "2012-02-22T21:05:55.147-08:00"
      }
    ]
  },
  {
    "Id": "5",
    "Name": "KwCombinatorics library v1.3 (VS 2010)",
    "DevelopmentStatus": "Stable",
    "Description": "Version 1.3\n\n* Updated solution for Visual Studio 2010.\n\nVersion 1.2\n\n* Implemented generic IEquatable interface.\n* Implemented proper null tests for comparison operators.\n\nVersion 1.1\n\n* Better GetHashCode.\n* Implemented nongeneric IComparable interface.\n* Rows property replaces previous default iterator behavior.\n* Default iterator enumerates elements.\n\nVersion 1.0\n\n* Initial release.\n\n\nBuild environment\n\n* Development environment is Visual Studio 2010 Ultimate.\n* Unit tests are in MSTest and are located in the Test folder. Code coverage is 100%.\n* Documentation file is HtmlHelp 1.1 made with Sandcastle v2.4 and Sandcastle Help File Builder v1.8.\n* The source control front-end is AnkhSVN / TortoiseSVN.",
    "ReleasedDatge": "0001-01-01T00:00:00",
    "ModifiedDate": "2011-01-06T02:54:26.493-08:00",
    "Files": [
      {
        "Id": "c402ae76-67bf-4512-84e6-9baf43ecc49a",
        "FileName": "KwCombinatorics.dll",
        "Url": "./5/c402ae76-67bf-4512-84e6-9baf43ecc49a",
        "Type": "Application",
        "UploadDate": "2011-01-06T02:54:25.103-08:00"
      },
      {
        "Id": "c0a6a0f9-0bd6-4e93-a9e2-5f202d08e49b",
        "FileName": "KwCombinatorics.chm",
        "Url": "./5/c0a6a0f9-0bd6-4e93-a9e2-5f202d08e49b",
        "Type": "Documentation",
        "UploadDate": "2011-01-06T02:54:25.133-08:00"
      },
      {
        "Id": "76704b5f-ca0b-45c8-b9b2-41532fb772e0",
        "FileName": "KwCombinatorics-Source-v1.3.0.60658.7z",
        "Url": "./5/76704b5f-ca0b-45c8-b9b2-41532fb772e0",
        "Type": "Source Code",
        "UploadDate": "2011-01-06T02:54:25.15-08:00"
      }
    ]
  },
  {
    "Id": "6",
    "Name": "KwCombinatorics library v1.2 (VS 2008)",
    "DevelopmentStatus": "Stable",
    "Description": "The KwCombinatorics library provide 3 different ways of generating ordered lists of combinations of numbers. Combinatorics are useful for software testing.\n\nVersion 1.2\n* Implemented generic IEquatable interface.\n* Implemented proper null tests for comparison operators.\n\nVersion 1.1\n* Better GetHashCode.\n* Implemented nongeneric IComparable interface.\n* Rows property replaces previous default iterator behavior.\n* Default iterator enumerates elements.\n\nVersion 1.0\n* Initial release.\n\nBuild environment\n* Developed using Visual Studio 2008 Team Suite.\n* Unit tests are in MSTest and are located in the Test folder.  Code coverage is 97%.\n* Documentation file is HtmlHelp 1.1 made with Sandcastle v2.4 and Sandcastle Help File Builder v1.8.\n* The source control front-end is TortoiseSVN v1.5.7.",
    "ReleasedDatge": "0001-01-01T00:00:00",
    "ModifiedDate": "2011-01-05T22:50:01.857-08:00",
    "Files": [
      {
        "Id": "3d367669-8d09-4944-8e44-a9673250a2fa",
        "FileName": "KwCombinatorics.dll",
        "Url": "./6/3d367669-8d09-4944-8e44-a9673250a2fa",
        "Type": "Application",
        "UploadDate": "2009-03-03T09:52:39.543-08:00"
      },
      {
        "Id": "64b31c93-edd4-4a5b-acae-facc6379c15a",
        "FileName": "KwCombinatorics.chm",
        "Url": "./6/64b31c93-edd4-4a5b-acae-facc6379c15a",
        "Type": "Application",
        "UploadDate": "2009-03-03T09:52:39.637-08:00"
      },
      {
        "Id": "4d135f3e-ab2c-4028-91b4-f1a4f6dd88c9",
        "FileName": "KwCombinatorics-Source-v1.2.0.0.zip",
        "Url": "./6/4d135f3e-ab2c-4028-91b4-f1a4f6dd88c9",
        "Type": "Application",
        "UploadDate": "2009-03-24T15:15:11.653-07:00"
      }
    ]
  },
  {
    "Id": "7",
    "Name": "KwCombinatorics library v4.0.0",
    "DevelopmentStatus": "Stable",
    "Description": "! Version 4.0.0\n\nKwCombinatorics v4.0.0 adds support for plain changes and k-permutations to the Permutation class.  Also, some minor API changes have been made to all classes.\n\nPlain changes is a table of permutations where adjacent rows differ by only a single swap of two adjacent elements. Support for plain changes is provided by the Permutation.GetRowsOfPlainChanges iterator and the Permutation.PlainRank property.\n\nK-permutations are arrangements that pick fewer elements than the available choices. Support for k-permutations is provided by the Permutation.Choices and Permutation.Picks properties and the Permutation.GetRowsForAllPicks iterator.\n\nIntroducing k-permutations has caused many breaking changes (see below). The most problematic change is the removal of the Permutation (int, long) constructor while a similar looking Permutation (int, int) constructor has been introduced. Be advised, code for the prior constructor may compile and run and yet have completely different sematics.\n\nIn addition to the breaking changes caused by k-permutation support, all Height properties have been renamed to RowCount and the ICloneable interface has been removed.\n\nThe library is now compiled to .NET 4 although it will still compile to .NET 3.5 without error.\n\nChange list\n* Added Permutation.Choices property to support k-permutations.\n* Added Permutation constructors to support k-permutations.\n* Added property Permutation.PlainChange.\n* Added property Permutation.Swaps.\n* Added method Permutation.GetRowsForAllPicks.\n* Added method Permutation.GetRowsOfPlainChanges.\n* BREAKING CHANGE: Renamed all Height properties to RowCount.\n* BREAKING CHANGE: Renamed Permutation.Width to Picks.\n* BREAKING CHANGE: Renamed Permutation.MaxWidth to MaxChoices.\n* BREAKING CHANGE: Renamed Permutation.GetRowsForAllWidths to GetRowsForAllChoices.\n* BREAKING CHANGE: Removed Permutation (int, long) constructor.\n* BREAKING CHANGE: Removed ICloneable base class and Clone methods from all combinatorics.\n* Binary now compiled to .NET 4.0.\n\n! Version 3.0.0\nThis is a placeholder for a possible .NET 3.5 release of v4.\n\n! Version 2.4.0\nThis release significantly speeds up Rank assignments in Combination and Multicombination.\n\nChange list\n* Optimized Combination.Rank setter.\n* Optimized Multicombination.Rank setter.\n* Added methods Combinatoric.BinomialCoefficient, Combinatoric.Factorial.\n\n! Version 2.3.0\nChange list\n* Added Permutation.Backtrack method.\n* Added N-Queens example programs.\n* Multicombination ranking constructor accepts unsorted data.\n* Combination ranking constructor accepts unsorted data.\n* Fixed numeric overflow bug in Combination.Rank setter.\n* Fixed missing numeric overflow checks in Product constructors.\n* Fixed missing bounds checks in Product ranking constructor.\n* BREAKING CHANGE: Removed increment/decrement operators.\n\nBuild environment\n\n* Development environment is Visual Studio 2010 Ultimate SP1.\n* Unit tests are in MSTest and are located in the Test folder. Code coverage is 100%.\n* Documentation file is HtmlHelp 1.1 made with Sandcastle Help File Builder v1.9.5.0.\n* The source control front-end is AnkhSVN / TortoiseSVN.",
    "ReleasedDatge": "0001-01-01T00:00:00",
    "ModifiedDate": "2012-11-25T18:54:15.737-08:00",
    "Files": [
      {
        "Id": "66b59aba-c229-4ae2-b61d-d7efa9fef3f8",
        "FileName": "KwCombinatorics.dll",
        "Url": "./7/66b59aba-c229-4ae2-b61d-d7efa9fef3f8",
        "Type": "Application",
        "UploadDate": "2012-11-14T00:46:47.607-08:00"
      },
      {
        "Id": "3fe125d9-01e8-4e6e-b9dd-c747905e1e2e",
        "FileName": "KwCombinatorics.xml",
        "Url": "./7/3fe125d9-01e8-4e6e-b9dd-c747905e1e2e",
        "Type": "Documentation",
        "UploadDate": "2012-11-14T00:46:47.62-08:00"
      },
      {
        "Id": "2f8f35f1-d450-40e8-8bc3-4a6908bf9a61",
        "FileName": "KwCombinatorics.chm",
        "Url": "./7/2f8f35f1-d450-40e8-8bc3-4a6908bf9a61",
        "Type": "Documentation",
        "UploadDate": "2012-11-14T00:46:47.637-08:00"
      },
      {
        "Id": "da8ddf91-9a70-430c-9147-8687526b6e96",
        "FileName": "KwCombinatorics-Source-v4.0.0.1.7z",
        "Url": "./7/da8ddf91-9a70-430c-9147-8687526b6e96",
        "Type": "Source Code",
        "UploadDate": "2012-11-14T00:46:47.667-08:00"
      }
    ]
  }
]