[
  {
    "Title": "Home",
    "Id": "659903",
    "ParentWikiTitle": "Home",
    "FileExtension": "codeplexwiki",
    "UpdatedDate": "2012-11-25T18:52:00.643-08:00",
    "FileAttachments": []
  },
  {
    "Title": "v4.0.0 Home",
    "Id": "659889",
    "ParentWikiTitle": "Home",
    "FileExtension": "codeplexwiki",
    "UpdatedDate": "2012-11-25T17:12:32.197-08:00",
    "FileAttachments": []
  },
  {
    "Title": "Documentation",
    "Id": "652661",
    "ParentWikiTitle": "Documentation",
    "FileExtension": "codeplexwiki",
    "UpdatedDate": "2012-11-09T05:15:11.337-08:00",
    "FileAttachments": []
  }
]
